<?xml version="1.0" encoding="utf-8" standalone="yes"?>
<rss version="2.0" xmlns:atom="http://www.w3.org/2005/Atom">
  <channel>
    <title>Arduino Repeater Pylon on CellSol</title>
    <link>https://www.f3.to/cellsol/cellsol-equipment/arduino/</link>
    <description>Recent content in Arduino Repeater Pylon on CellSol</description>
    <generator>Hugo -- gohugo.io</generator>
    
	<atom:link href="https://www.f3.to/cellsol/cellsol-equipment/arduino/index.xml" rel="self" type="application/rss+xml" />
    
    
    <item>
      <title></title>
      <link>https://www.f3.to/cellsol/cellsol-equipment/arduino/case-designs/</link>
      <pubDate>Mon, 01 Jan 0001 00:00:00 +0000</pubDate>
      
      <guid>https://www.f3.to/cellsol/cellsol-equipment/arduino/case-designs/</guid>
      <description>Case designs for the Arduino Repeater Pylon are a work in progress.
Please note that any 3D printed cases should be sealed with epoxy, to prevent water from passing through the microscopic gaps between layers.</description>
    </item>
    
    <item>
      <title></title>
      <link>https://www.f3.to/cellsol/cellsol-equipment/arduino/firmware/</link>
      <pubDate>Mon, 01 Jan 0001 00:00:00 +0000</pubDate>
      
      <guid>https://www.f3.to/cellsol/cellsol-equipment/arduino/firmware/</guid>
      <description>Much like the ESP32, we will put our firmware here when the GitHub repo is ready for public access.

This work is licensed under a Creative Commons Attribution-NonCommercial-ShareAlike 4.0 International License.
Source Zip Download Source for 0.24 (Beta Release) can be downloaded here.</description>
    </item>
    
    <item>
      <title>Bill of Materials</title>
      <link>https://www.f3.to/cellsol/cellsol-equipment/arduino/bom/</link>
      <pubDate>Mon, 01 Jan 0001 00:00:00 +0000</pubDate>
      
      <guid>https://www.f3.to/cellsol/cellsol-equipment/arduino/bom/</guid>
      <description> 1x TP4056 Li-Ion Battery Charger Module 1x A3338 3.3V Regulator 1x Arduino Nano or Nano Pro 1x HC05 or HC06 Bluetooth Module 1x SX1276 Chip or SX1276 Module 1x 2.2k 1/4W Resistor 1x 470nF ceramic capacitor 1x 4.2V-5V Solar Panel 1x 4.2V Battery or Battery Pack  </description>
    </item>
    
  </channel>
</rss>