<?xml version="1.0" encoding="utf-8" standalone="yes"?>
<rss version="2.0" xmlns:atom="http://www.w3.org/2005/Atom">
  <channel>
    <title>CellSol Architecture on CellSol</title>
    <link>https://www.f3.to/cellsol/cellsol-design/</link>
    <description>Recent content in CellSol Architecture on CellSol</description>
    <generator>Hugo -- gohugo.io</generator>
    
	<atom:link href="https://www.f3.to/cellsol/cellsol-design/index.xml" rel="self" type="application/rss+xml" />
    
    
    <item>
      <title></title>
      <link>https://www.f3.to/cellsol/cellsol-design/design/</link>
      <pubDate>Mon, 01 Jan 0001 00:00:00 +0000</pubDate>
      
      <guid>https://www.f3.to/cellsol/cellsol-design/design/</guid>
      <description>CellSol Design
 Rationale Design Hardware  Hardware Philosophy WiFi Pylons Repeater Pylons Power requirements - Using a Solar Panel   Software   Rationale We want to provide a last-mile mesh network to allow people to communicate and access knowledge in the event of a natural, social, or other disaster. Network infrastructure is intended to be inexpensive, locally powered, and easy to build, maintain, and replace. It should be lightweight, and as interoperable as is feasible with other network technologies and the broader Internet.</description>
    </item>
    
    <item>
      <title></title>
      <link>https://www.f3.to/cellsol/cellsol-design/dictionary-compression/</link>
      <pubDate>Mon, 01 Jan 0001 00:00:00 +0000</pubDate>
      
      <guid>https://www.f3.to/cellsol/cellsol-design/dictionary-compression/</guid>
      <description>Compression is a useful tool for stretching low bandwidth connections a bit further, but comes with significant computing overhead. Using dictionary compression attempts to remove the overhead of traditional compression algorithms, while retaining their effectiveness for a specific subset of data - notably, large blocks of text.
Why might we want word compression for our LoRa network? The &amp;ldquo;commercial code&amp;rdquo; below is one of several methods that one can use to achieve excellent &amp;ldquo;word compression&amp;rdquo; for english words.</description>
    </item>
    
    <item>
      <title>Technology Roadmap</title>
      <link>https://www.f3.to/cellsol/cellsol-design/technology-roadmap/</link>
      <pubDate>Mon, 01 Jan 0001 00:00:00 +0000</pubDate>
      
      <guid>https://www.f3.to/cellsol/cellsol-design/technology-roadmap/</guid>
      <description>Multiple Channels Internetworking Datalogging and Instrumentation Security     Multiple Channels CellSol currently operates on the principle that a single bulletin board is sufficient for a local network. We intend, in the short term, to implement multiple channels, to allow users to filter messages.
Internetworking CellSol&amp;rsquo;s mesh architecture does not scale, due to bandwidth limitations, so we will be developing bridging devices that will allow CellSol networks to communicate with one another either directly, or through the wider Internet when it is available.</description>
    </item>
    
  </channel>
</rss>