<?xml version="1.0" encoding="utf-8" standalone="yes"?>
<rss version="2.0" xmlns:atom="http://www.w3.org/2005/Atom">
  <channel>
    <title>CellSol</title>
    <link>https://www.f3.to/cellsol/cellsol-equipment/arduino/schematics/</link>
    <description>Recent content on CellSol</description>
    <generator>Hugo -- gohugo.io</generator>
    
	<atom:link href="https://www.f3.to/cellsol/cellsol-equipment/arduino/schematics/index.xml" rel="self" type="application/rss+xml" />
    
    
  </channel>
</rss>