<?xml version="1.0" encoding="utf-8" standalone="yes"?>
<rss version="2.0" xmlns:atom="http://www.w3.org/2005/Atom">
  <channel>
    <title>Cellsol Equipment on CellSol</title>
    <link>https://www.f3.to/cellsol/cellsol-equipment/</link>
    <description>Recent content in Cellsol Equipment on CellSol</description>
    <generator>Hugo -- gohugo.io</generator>
    
	<atom:link href="https://www.f3.to/cellsol/cellsol-equipment/index.xml" rel="self" type="application/rss+xml" />
    
    
    <item>
      <title>Antennas</title>
      <link>https://www.f3.to/cellsol/cellsol-equipment/antennas/</link>
      <pubDate>Mon, 01 Jan 0001 00:00:00 +0000</pubDate>
      
      <guid>https://www.f3.to/cellsol/cellsol-equipment/antennas/</guid>
      <description>Antenna Concepts Small Antennas (&amp;lt;10cm)  With a Ground Plane (Monopoles)  3D Printed Antenna Stand &amp;amp; Cutter   Without a Ground Plane (Dipoles)   Large Antennas   Antenna Concepts If you&amp;rsquo;re not familiar with antenna design, this site can be a good resource. You don&amp;rsquo;t need to know any antenna theory to choose an antenna for your pylon, but it&amp;rsquo;s useful knowledge!
Small Antennas (&amp;lt;10cm) 900MHz wifi antennas will often serve &amp;ldquo;okay&amp;rdquo; at both 866MHz for european LoRa and 915MHz for North American, but the performance in either case will be less than ideal.</description>
    </item>
    
    <item>
      <title>Power Supplies</title>
      <link>https://www.f3.to/cellsol/cellsol-equipment/power/</link>
      <pubDate>Mon, 01 Jan 0001 00:00:00 +0000</pubDate>
      
      <guid>https://www.f3.to/cellsol/cellsol-equipment/power/</guid>
      <description>POWERING THE NODE The node is designed to be very tolerant when it comes to input power, so that it can be run in a variety of emergency situations.
The node takes 4 to 6.5V power. You can provide this from USB, a solar panel, or a number of other sources such as:
  USB power bank. It has to be plugged into the USB power input port. You can break down a USB cable to do this and connect the red and black wires.</description>
    </item>
    
  </channel>
</rss>