<?xml version="1.0" encoding="utf-8" standalone="yes"?>
<rss version="2.0" xmlns:atom="http://www.w3.org/2005/Atom">
  <channel>
    <title>Support CellSol on CellSol</title>
    <link>https://www.f3.to/cellsol/support-cellsol/</link>
    <description>Recent content in Support CellSol on CellSol</description>
    <generator>Hugo -- gohugo.io</generator>
    
	<atom:link href="https://www.f3.to/cellsol/support-cellsol/index.xml" rel="self" type="application/rss+xml" />
    
    
    <item>
      <title></title>
      <link>https://www.f3.to/cellsol/support-cellsol/donate/</link>
      <pubDate>Mon, 01 Jan 0001 00:00:00 +0000</pubDate>
      
      <guid>https://www.f3.to/cellsol/support-cellsol/donate/</guid>
      <description>In the near future, we will begin accepting donations to fund further development and expansion of the CellSol project.
Funds will be first allocated towards purchasing needed hardware and equipment for the expansion of the project (such as prototyping), then paying for development effort where possible. While we expect most development effort to come from our volunteers, large hardware and architecture developments will ideally be funded privately.
CellSol is an open-source project owned by Robots Everywhere, LLC.</description>
    </item>
    
    <item>
      <title></title>
      <link>https://www.f3.to/cellsol/support-cellsol/volunteer/</link>
      <pubDate>Mon, 01 Jan 0001 00:00:00 +0000</pubDate>
      
      <guid>https://www.f3.to/cellsol/support-cellsol/volunteer/</guid>
      <description>Currently the best way to volunteer for the CellSol project is to contact the project admins by email. Please indicate how you would like to contribute to the project, and your level of experience in relevant skills.
We look forward to hearing from you!</description>
    </item>
    
  </channel>
</rss>