<?xml version="1.0" encoding="utf-8" standalone="yes"?>
<rss version="2.0" xmlns:atom="http://www.w3.org/2005/Atom">
  <channel>
    <title>Home on CellSol</title>
    <link>https://www.f3.to/cellsol/</link>
    <description>Recent content in Home on CellSol</description>
    <generator>Hugo -- gohugo.io</generator>
    <lastBuildDate>Thu, 05 Nov 2020 00:00:00 +0000</lastBuildDate>
    
	<atom:link href="https://www.f3.to/cellsol/index.xml" rel="self" type="application/rss+xml" />
    
    
    <item>
      <title>Kay Borri</title>
      <link>https://www.f3.to/cellsol/about-cellsol/cellsolteam/kay/</link>
      <pubDate>Mon, 01 Jan 0001 00:00:00 +0000</pubDate>
      
      <guid>https://www.f3.to/cellsol/about-cellsol/cellsolteam/kay/</guid>
      <description>Kay is the chief engineer of the CellSol project, having designed all of the system&amp;rsquo;s specifications, hardware, most of the firmware, and is the driving force behind the project&amp;rsquo;s philosophy of relentless improvement.
Kay has been an inventor for as long as anyone can remember, having worked on network systems for homes, small businesses, and libraries in Italy in the early days of the Internet, as far back as 1990. They went on to study Electrical and Computer Engineering at St Mary&amp;rsquo;s University, in San Antonio, Texas, and founded Robots Everywhere along with Riley August.</description>
    </item>
    
    <item>
      <title>Riley August</title>
      <link>https://www.f3.to/cellsol/about-cellsol/cellsolteam/riley/</link>
      <pubDate>Mon, 01 Jan 0001 00:00:00 +0000</pubDate>
      
      <guid>https://www.f3.to/cellsol/about-cellsol/cellsolteam/riley/</guid>
      <description>Riley is the current project manager for the CellSol project, and one of the co-founders of Robots Everywhere, along with Kay Borri. Riley is an experienced software architect, project manager, and test planner. Outside of software automation, Riley&amp;rsquo;s skills are quite diverse, from 3D modeling and CAD to logic simulations and rules modeling. Riley has made contributions all across the CellSol project, and even designed this website.
Outside of the shop, Riley likes to ride his bicycle, and test his skills against the world in online games like League of Legends.</description>
    </item>
    
    <item>
      <title>Cellsol FAQ</title>
      <link>https://www.f3.to/cellsol/about-cellsol/cellsol-faq/</link>
      <pubDate>Mon, 01 Jan 0001 00:00:00 +0000</pubDate>
      
      <guid>https://www.f3.to/cellsol/about-cellsol/cellsol-faq/</guid>
      <description>What is this? It&amp;rsquo;s a means of emergency communication based upon solar-powered &amp;ldquo;pylons&amp;rdquo; consisting of a transceiver, a Bluetooth serial adapter, and a WiFi access point.
  Is it a mesh network? Not quite. Each pylon is also a repeater, but there is no user level routing. It&amp;rsquo;s more like a single Discord or IRC channel, everyone can read what everyone else types. There&amp;rsquo;s no private messaging. We may implement channels and user level routing in the future.</description>
    </item>
    
    <item>
      <title></title>
      <link>https://www.f3.to/cellsol/about-cellsol/media/</link>
      <pubDate>Mon, 01 Jan 0001 00:00:00 +0000</pubDate>
      
      <guid>https://www.f3.to/cellsol/about-cellsol/media/</guid>
      <description>Here you can find media assets for promoting the CellSol project.
All logos and assets are copyright 2020 Robots Everywhere, LLC. If you wish to use these assets to promote CellSol, please contact us
 Large Logo - Posters, Vertical Banners, Loading Screens Small Logo - Headers, Horizontal Banners, Profile Pictures Icon Logo - App Icons, Small Banners, with Transparency   Large Logo - Posters, Vertical Banners, Loading Screens Small Logo - Headers, Horizontal Banners, Profile Pictures Icon Logo - App Icons, Small Banners, with Transparency </description>
    </item>
    
    <item>
      <title>Privacy Policy</title>
      <link>https://www.f3.to/cellsol/privacy/</link>
      <pubDate>Thu, 05 Nov 2020 00:00:00 +0000</pubDate>
      
      <guid>https://www.f3.to/cellsol/privacy/</guid>
      <description>Privacy Policy This site does not use cookies, tracking or otherwise.
CellSol software does not &amp;ldquo;phone home&amp;rdquo; in any way, shape or form.
We are not responsible for the privacy policies of third party sites that may be affiliated with or used by this project, or its partners, such as Youtube.
Changes to this privacy policy are made available on this page.
The Robots Everywhere privacy policy belongs to our development partner, Robots Everywhere, and is similar.</description>
    </item>
    
    <item>
      <title></title>
      <link>https://www.f3.to/cellsol/about-cellsol/cellsolteam/lorine/</link>
      <pubDate>Mon, 01 Jan 0001 00:00:00 +0000</pubDate>
      
      <guid>https://www.f3.to/cellsol/about-cellsol/cellsolteam/lorine/</guid>
      <description>Lorine is our graphic designer. She is a high school senior from Norway, who enjoys pixel graphics as well as 3D artwork and rendering. Among other things, she has donated the low resolution diagrams for the help pages, as well as our logo.
She can be found on Twitter at @NecroWoof</description>
    </item>
    
    <item>
      <title></title>
      <link>https://www.f3.to/cellsol/about-cellsol/our-mission/</link>
      <pubDate>Mon, 01 Jan 0001 00:00:00 +0000</pubDate>
      
      <guid>https://www.f3.to/cellsol/about-cellsol/our-mission/</guid>
      <description>Introduction What if the internet and cell phone towers went down for more than a few hours - or during an emergency situation when no communication for several hours could mean lives lost?
Project The end goal of the project is to have a widespread network able to handle low-bandwidth traffic (text, compressed images) for a large number of users, to fill gaps when the larger Internet is unavailable. In the event of an emergency, the CellSol network can be used as a knowledge base, as well as a rally point, giving people a tool to use to coordinate and organize even if other communication systems go down.</description>
    </item>
    
    <item>
      <title></title>
      <link>https://www.f3.to/cellsol/about-cellsol/user-guide/</link>
      <pubDate>Mon, 01 Jan 0001 00:00:00 +0000</pubDate>
      
      <guid>https://www.f3.to/cellsol/about-cellsol/user-guide/</guid>
      <description>CellSol WiFi Pylon User Guide This is a short how-to on how to use the CellSol WiFi Pylons. It is also packaged with the pylons themselves.
Basic Concepts CellSol is free to use and does not depend on any infrastructure, each pylon is self-contained: just deploy a few of them in an area and you are good to go.
This is a lot like existing LoRa mesh chat systems, except that it&amp;rsquo;s intended to leave repeaters in place.</description>
    </item>
    
    <item>
      <title></title>
      <link>https://www.f3.to/cellsol/cellsol-design/design/</link>
      <pubDate>Mon, 01 Jan 0001 00:00:00 +0000</pubDate>
      
      <guid>https://www.f3.to/cellsol/cellsol-design/design/</guid>
      <description>CellSol Design
 Rationale Design Hardware  Hardware Philosophy WiFi Pylons Repeater Pylons Power requirements - Using a Solar Panel   Software   Rationale We want to provide a last-mile mesh network to allow people to communicate and access knowledge in the event of a natural, social, or other disaster. Network infrastructure is intended to be inexpensive, locally powered, and easy to build, maintain, and replace. It should be lightweight, and as interoperable as is feasible with other network technologies and the broader Internet.</description>
    </item>
    
    <item>
      <title></title>
      <link>https://www.f3.to/cellsol/cellsol-design/dictionary-compression/</link>
      <pubDate>Mon, 01 Jan 0001 00:00:00 +0000</pubDate>
      
      <guid>https://www.f3.to/cellsol/cellsol-design/dictionary-compression/</guid>
      <description>Compression is a useful tool for stretching low bandwidth connections a bit further, but comes with significant computing overhead. Using dictionary compression attempts to remove the overhead of traditional compression algorithms, while retaining their effectiveness for a specific subset of data - notably, large blocks of text.
Why might we want word compression for our LoRa network? The &amp;ldquo;commercial code&amp;rdquo; below is one of several methods that one can use to achieve excellent &amp;ldquo;word compression&amp;rdquo; for english words.</description>
    </item>
    
    <item>
      <title></title>
      <link>https://www.f3.to/cellsol/cellsol-equipment/arduino/case-designs/</link>
      <pubDate>Mon, 01 Jan 0001 00:00:00 +0000</pubDate>
      
      <guid>https://www.f3.to/cellsol/cellsol-equipment/arduino/case-designs/</guid>
      <description>Case designs for the Arduino Repeater Pylon are a work in progress.
Please note that any 3D printed cases should be sealed with epoxy, to prevent water from passing through the microscopic gaps between layers.</description>
    </item>
    
    <item>
      <title></title>
      <link>https://www.f3.to/cellsol/cellsol-equipment/arduino/firmware/</link>
      <pubDate>Mon, 01 Jan 0001 00:00:00 +0000</pubDate>
      
      <guid>https://www.f3.to/cellsol/cellsol-equipment/arduino/firmware/</guid>
      <description>Much like the ESP32, we will put our firmware here when the GitHub repo is ready for public access.

This work is licensed under a Creative Commons Attribution-NonCommercial-ShareAlike 4.0 International License.
Source Zip Download Source for 0.24 (Beta Release) can be downloaded here.</description>
    </item>
    
    <item>
      <title></title>
      <link>https://www.f3.to/cellsol/cellsol-equipment/esp32/case-designs/</link>
      <pubDate>Mon, 01 Jan 0001 00:00:00 +0000</pubDate>
      
      <guid>https://www.f3.to/cellsol/cellsol-equipment/esp32/case-designs/</guid>
      <description>A waterproof case for the ESP32 WiFi Pylon is in development.
In the meantime, there are many Lora32 cases on Thingiverse that will hold a battery and your antenna. Here is our recommendation for now.
https://www.thingiverse.com/thing:4313377 - TTGO model, this may work for the Heltec as well - by dioniss4ever
We are currently working on adaptations of this for our packages, as well as having USB port support for the solar panel.</description>
    </item>
    
    <item>
      <title></title>
      <link>https://www.f3.to/cellsol/cellsol-equipment/esp32/firmware/</link>
      <pubDate>Mon, 01 Jan 0001 00:00:00 +0000</pubDate>
      
      <guid>https://www.f3.to/cellsol/cellsol-equipment/esp32/firmware/</guid>
      <description>The firmware for the ESP32 WiFi Pylon will be available on our GitHub when we make the project public, along with all of our other firmware or software.

This work is licensed under a Creative Commons Attribution-NonCommercial-ShareAlike 4.0 International License.
Source Zip Download Source for 0.24 (Beta Release) can be downloaded here.
Captive Portal Implementation We are building capabilities into our little wifi access points so that a user will automatically redirect to our desired homepage upon accessing the network.</description>
    </item>
    
    <item>
      <title></title>
      <link>https://www.f3.to/cellsol/cellsol-equipment/esp32/schematics/</link>
      <pubDate>Mon, 01 Jan 0001 00:00:00 +0000</pubDate>
      
      <guid>https://www.f3.to/cellsol/cellsol-equipment/esp32/schematics/</guid>
      <description>Here is a basic schematic for how to wire up the ESP32 Wifi Pylon using both a USB Power Bank and without.
If you are using a USB Power Bank, the battery can also be omitted if you choose.
For more information, look at the Lora32 Website for documentation and datasheets.</description>
    </item>
    
    <item>
      <title></title>
      <link>https://www.f3.to/cellsol/support-cellsol/donate/</link>
      <pubDate>Mon, 01 Jan 0001 00:00:00 +0000</pubDate>
      
      <guid>https://www.f3.to/cellsol/support-cellsol/donate/</guid>
      <description>In the near future, we will begin accepting donations to fund further development and expansion of the CellSol project.
Funds will be first allocated towards purchasing needed hardware and equipment for the expansion of the project (such as prototyping), then paying for development effort where possible. While we expect most development effort to come from our volunteers, large hardware and architecture developments will ideally be funded privately.
CellSol is an open-source project owned by Robots Everywhere, LLC.</description>
    </item>
    
    <item>
      <title></title>
      <link>https://www.f3.to/cellsol/support-cellsol/volunteer/</link>
      <pubDate>Mon, 01 Jan 0001 00:00:00 +0000</pubDate>
      
      <guid>https://www.f3.to/cellsol/support-cellsol/volunteer/</guid>
      <description>Currently the best way to volunteer for the CellSol project is to contact the project admins by email. Please indicate how you would like to contribute to the project, and your level of experience in relevant skills.
We look forward to hearing from you!</description>
    </item>
    
    <item>
      <title>Antennas</title>
      <link>https://www.f3.to/cellsol/cellsol-equipment/antennas/</link>
      <pubDate>Mon, 01 Jan 0001 00:00:00 +0000</pubDate>
      
      <guid>https://www.f3.to/cellsol/cellsol-equipment/antennas/</guid>
      <description>Antenna Concepts Small Antennas (&amp;lt;10cm)  With a Ground Plane (Monopoles)  3D Printed Antenna Stand &amp;amp; Cutter   Without a Ground Plane (Dipoles)   Large Antennas   Antenna Concepts If you&amp;rsquo;re not familiar with antenna design, this site can be a good resource. You don&amp;rsquo;t need to know any antenna theory to choose an antenna for your pylon, but it&amp;rsquo;s useful knowledge!
Small Antennas (&amp;lt;10cm) 900MHz wifi antennas will often serve &amp;ldquo;okay&amp;rdquo; at both 866MHz for european LoRa and 915MHz for North American, but the performance in either case will be less than ideal.</description>
    </item>
    
    <item>
      <title>Bill of Materials</title>
      <link>https://www.f3.to/cellsol/cellsol-equipment/arduino/bom/</link>
      <pubDate>Mon, 01 Jan 0001 00:00:00 +0000</pubDate>
      
      <guid>https://www.f3.to/cellsol/cellsol-equipment/arduino/bom/</guid>
      <description> 1x TP4056 Li-Ion Battery Charger Module 1x A3338 3.3V Regulator 1x Arduino Nano or Nano Pro 1x HC05 or HC06 Bluetooth Module 1x SX1276 Chip or SX1276 Module 1x 2.2k 1/4W Resistor 1x 470nF ceramic capacitor 1x 4.2V-5V Solar Panel 1x 4.2V Battery or Battery Pack  </description>
    </item>
    
    <item>
      <title>Bill of Materials</title>
      <link>https://www.f3.to/cellsol/cellsol-equipment/esp32/bom/</link>
      <pubDate>Mon, 01 Jan 0001 00:00:00 +0000</pubDate>
      
      <guid>https://www.f3.to/cellsol/cellsol-equipment/esp32/bom/</guid>
      <description>Everything you need for the LoRa32-based WiFi Pylon
 A Heltec Lora32 or Lora32v2 module The Arduino software, available here A USB cable Battery holder (if needed for your battery) 1.2V batteries (the bigger the better) OR, any 3.6 or 3.7 volt battery (li-ion, lipo, etc.) See Powering the Node Battery connector for the Lora32 module (should come with the Lora32) A solar panel to charge the battery (optional, USB may also be used for charging if the pylon is connected to mains) A case for your Lora32, antenna, and battery - see our case designs  </description>
    </item>
    
    <item>
      <title>Power Supplies</title>
      <link>https://www.f3.to/cellsol/cellsol-equipment/power/</link>
      <pubDate>Mon, 01 Jan 0001 00:00:00 +0000</pubDate>
      
      <guid>https://www.f3.to/cellsol/cellsol-equipment/power/</guid>
      <description>POWERING THE NODE The node is designed to be very tolerant when it comes to input power, so that it can be run in a variety of emergency situations.
The node takes 4 to 6.5V power. You can provide this from USB, a solar panel, or a number of other sources such as:
  USB power bank. It has to be plugged into the USB power input port. You can break down a USB cable to do this and connect the red and black wires.</description>
    </item>
    
    <item>
      <title>Robots Everywhere, LLC</title>
      <link>https://www.f3.to/cellsol/about-cellsol/cellsolteam/robotseverywhere/</link>
      <pubDate>Mon, 01 Jan 0001 00:00:00 +0000</pubDate>
      
      <guid>https://www.f3.to/cellsol/about-cellsol/cellsolteam/robotseverywhere/</guid>
      <description>Robots Everywhere was founded by Kay Borri and Riley August as a robotics consulting firm in 2008. Since then, they have developed many navigation, instrumentation, robotics, and manufacturing solutions for the public and private sectors, as well as the maker community. The company has always believed in doing the best for humanity, and with the many crises plaguing the year 2020, Robots Everywhere has chosen this time to help develop launch CellSol to allow people to come together in the future.</description>
    </item>
    
    <item>
      <title>Technology Roadmap</title>
      <link>https://www.f3.to/cellsol/cellsol-design/technology-roadmap/</link>
      <pubDate>Mon, 01 Jan 0001 00:00:00 +0000</pubDate>
      
      <guid>https://www.f3.to/cellsol/cellsol-design/technology-roadmap/</guid>
      <description>Multiple Channels Internetworking Datalogging and Instrumentation Security     Multiple Channels CellSol currently operates on the principle that a single bulletin board is sufficient for a local network. We intend, in the short term, to implement multiple channels, to allow users to filter messages.
Internetworking CellSol&amp;rsquo;s mesh architecture does not scale, due to bandwidth limitations, so we will be developing bridging devices that will allow CellSol networks to communicate with one another either directly, or through the wider Internet when it is available.</description>
    </item>
    
  </channel>
</rss>