<?xml version="1.0" encoding="utf-8" standalone="yes"?>
<rss version="2.0" xmlns:atom="http://www.w3.org/2005/Atom">
  <channel>
    <title>CellSol</title>
    <link>https://www.f3.to/cellsol/about-cellsol/</link>
    <description>Recent content on CellSol</description>
    <generator>Hugo -- gohugo.io</generator>
    
	<atom:link href="https://www.f3.to/cellsol/about-cellsol/index.xml" rel="self" type="application/rss+xml" />
    
    
    <item>
      <title>Cellsol FAQ</title>
      <link>https://www.f3.to/cellsol/about-cellsol/cellsol-faq/</link>
      <pubDate>Mon, 01 Jan 0001 00:00:00 +0000</pubDate>
      
      <guid>https://www.f3.to/cellsol/about-cellsol/cellsol-faq/</guid>
      <description>What is this? It&amp;rsquo;s a means of emergency communication based upon solar-powered &amp;ldquo;pylons&amp;rdquo; consisting of a transceiver, a Bluetooth serial adapter, and a WiFi access point.
  Is it a mesh network? Not quite. Each pylon is also a repeater, but there is no user level routing. It&amp;rsquo;s more like a single Discord or IRC channel, everyone can read what everyone else types. There&amp;rsquo;s no private messaging. We may implement channels and user level routing in the future.</description>
    </item>
    
    <item>
      <title></title>
      <link>https://www.f3.to/cellsol/about-cellsol/media/</link>
      <pubDate>Mon, 01 Jan 0001 00:00:00 +0000</pubDate>
      
      <guid>https://www.f3.to/cellsol/about-cellsol/media/</guid>
      <description>Here you can find media assets for promoting the CellSol project.
All logos and assets are copyright 2020 Robots Everywhere, LLC. If you wish to use these assets to promote CellSol, please contact us
 Large Logo - Posters, Vertical Banners, Loading Screens Small Logo - Headers, Horizontal Banners, Profile Pictures Icon Logo - App Icons, Small Banners, with Transparency   Large Logo - Posters, Vertical Banners, Loading Screens Small Logo - Headers, Horizontal Banners, Profile Pictures Icon Logo - App Icons, Small Banners, with Transparency </description>
    </item>
    
    <item>
      <title></title>
      <link>https://www.f3.to/cellsol/about-cellsol/our-mission/</link>
      <pubDate>Mon, 01 Jan 0001 00:00:00 +0000</pubDate>
      
      <guid>https://www.f3.to/cellsol/about-cellsol/our-mission/</guid>
      <description>Introduction What if the internet and cell phone towers went down for more than a few hours - or during an emergency situation when no communication for several hours could mean lives lost?
Project The end goal of the project is to have a widespread network able to handle low-bandwidth traffic (text, compressed images) for a large number of users, to fill gaps when the larger Internet is unavailable. In the event of an emergency, the CellSol network can be used as a knowledge base, as well as a rally point, giving people a tool to use to coordinate and organize even if other communication systems go down.</description>
    </item>
    
    <item>
      <title></title>
      <link>https://www.f3.to/cellsol/about-cellsol/user-guide/</link>
      <pubDate>Mon, 01 Jan 0001 00:00:00 +0000</pubDate>
      
      <guid>https://www.f3.to/cellsol/about-cellsol/user-guide/</guid>
      <description>CellSol WiFi Pylon User Guide This is a short how-to on how to use the CellSol WiFi Pylons. It is also packaged with the pylons themselves.
Basic Concepts CellSol is free to use and does not depend on any infrastructure, each pylon is self-contained: just deploy a few of them in an area and you are good to go.
This is a lot like existing LoRa mesh chat systems, except that it&amp;rsquo;s intended to leave repeaters in place.</description>
    </item>
    
  </channel>
</rss>