<?xml version="1.0" encoding="utf-8" standalone="yes"?>
<rss version="2.0" xmlns:atom="http://www.w3.org/2005/Atom">
  <channel>
    <title>ESP32 WiFi Pylon on CellSol</title>
    <link>https://www.f3.to/cellsol/cellsol-equipment/esp32/</link>
    <description>Recent content in ESP32 WiFi Pylon on CellSol</description>
    <generator>Hugo -- gohugo.io</generator>
    
	<atom:link href="https://www.f3.to/cellsol/cellsol-equipment/esp32/index.xml" rel="self" type="application/rss+xml" />
    
    
    <item>
      <title></title>
      <link>https://www.f3.to/cellsol/cellsol-equipment/esp32/case-designs/</link>
      <pubDate>Mon, 01 Jan 0001 00:00:00 +0000</pubDate>
      
      <guid>https://www.f3.to/cellsol/cellsol-equipment/esp32/case-designs/</guid>
      <description>A waterproof case for the ESP32 WiFi Pylon is in development.
In the meantime, there are many Lora32 cases on Thingiverse that will hold a battery and your antenna. Here is our recommendation for now.
https://www.thingiverse.com/thing:4313377 - TTGO model, this may work for the Heltec as well - by dioniss4ever
We are currently working on adaptations of this for our packages, as well as having USB port support for the solar panel.</description>
    </item>
    
    <item>
      <title></title>
      <link>https://www.f3.to/cellsol/cellsol-equipment/esp32/firmware/</link>
      <pubDate>Mon, 01 Jan 0001 00:00:00 +0000</pubDate>
      
      <guid>https://www.f3.to/cellsol/cellsol-equipment/esp32/firmware/</guid>
      <description>The firmware for the ESP32 WiFi Pylon will be available on our GitHub when we make the project public, along with all of our other firmware or software.

This work is licensed under a Creative Commons Attribution-NonCommercial-ShareAlike 4.0 International License.
Source Zip Download Source for 0.24 (Beta Release) can be downloaded here.
Captive Portal Implementation We are building capabilities into our little wifi access points so that a user will automatically redirect to our desired homepage upon accessing the network.</description>
    </item>
    
    <item>
      <title></title>
      <link>https://www.f3.to/cellsol/cellsol-equipment/esp32/schematics/</link>
      <pubDate>Mon, 01 Jan 0001 00:00:00 +0000</pubDate>
      
      <guid>https://www.f3.to/cellsol/cellsol-equipment/esp32/schematics/</guid>
      <description>Here is a basic schematic for how to wire up the ESP32 Wifi Pylon using both a USB Power Bank and without.
If you are using a USB Power Bank, the battery can also be omitted if you choose.
For more information, look at the Lora32 Website for documentation and datasheets.</description>
    </item>
    
    <item>
      <title>Bill of Materials</title>
      <link>https://www.f3.to/cellsol/cellsol-equipment/esp32/bom/</link>
      <pubDate>Mon, 01 Jan 0001 00:00:00 +0000</pubDate>
      
      <guid>https://www.f3.to/cellsol/cellsol-equipment/esp32/bom/</guid>
      <description>Everything you need for the LoRa32-based WiFi Pylon
 A Heltec Lora32 or Lora32v2 module The Arduino software, available here A USB cable Battery holder (if needed for your battery) 1.2V batteries (the bigger the better) OR, any 3.6 or 3.7 volt battery (li-ion, lipo, etc.) See Powering the Node Battery connector for the Lora32 module (should come with the Lora32) A solar panel to charge the battery (optional, USB may also be used for charging if the pylon is connected to mains) A case for your Lora32, antenna, and battery - see our case designs  </description>
    </item>
    
  </channel>
</rss>