<?xml version="1.0" encoding="utf-8" standalone="yes"?>
<rss version="2.0" xmlns:atom="http://www.w3.org/2005/Atom">
  <channel>
    <title>CellSol Team on CellSol</title>
    <link>https://www.f3.to/cellsol/about-cellsol/cellsolteam/</link>
    <description>Recent content in CellSol Team on CellSol</description>
    <generator>Hugo -- gohugo.io</generator>
    
	<atom:link href="https://www.f3.to/cellsol/about-cellsol/cellsolteam/index.xml" rel="self" type="application/rss+xml" />
    
    
    <item>
      <title>Kay Borri</title>
      <link>https://www.f3.to/cellsol/about-cellsol/cellsolteam/kay/</link>
      <pubDate>Mon, 01 Jan 0001 00:00:00 +0000</pubDate>
      
      <guid>https://www.f3.to/cellsol/about-cellsol/cellsolteam/kay/</guid>
      <description>Kay is the chief engineer of the CellSol project, having designed all of the system&amp;rsquo;s specifications, hardware, most of the firmware, and is the driving force behind the project&amp;rsquo;s philosophy of relentless improvement.
Kay has been an inventor for as long as anyone can remember, having worked on network systems for homes, small businesses, and libraries in Italy in the early days of the Internet, as far back as 1990. They went on to study Electrical and Computer Engineering at St Mary&amp;rsquo;s University, in San Antonio, Texas, and founded Robots Everywhere along with Riley August.</description>
    </item>
    
    <item>
      <title>Riley August</title>
      <link>https://www.f3.to/cellsol/about-cellsol/cellsolteam/riley/</link>
      <pubDate>Mon, 01 Jan 0001 00:00:00 +0000</pubDate>
      
      <guid>https://www.f3.to/cellsol/about-cellsol/cellsolteam/riley/</guid>
      <description>Riley is the current project manager for the CellSol project, and one of the co-founders of Robots Everywhere, along with Kay Borri. Riley is an experienced software architect, project manager, and test planner. Outside of software automation, Riley&amp;rsquo;s skills are quite diverse, from 3D modeling and CAD to logic simulations and rules modeling. Riley has made contributions all across the CellSol project, and even designed this website.
Outside of the shop, Riley likes to ride his bicycle, and test his skills against the world in online games like League of Legends.</description>
    </item>
    
    <item>
      <title></title>
      <link>https://www.f3.to/cellsol/about-cellsol/cellsolteam/lorine/</link>
      <pubDate>Mon, 01 Jan 0001 00:00:00 +0000</pubDate>
      
      <guid>https://www.f3.to/cellsol/about-cellsol/cellsolteam/lorine/</guid>
      <description>Lorine is our graphic designer. She is a high school senior from Norway, who enjoys pixel graphics as well as 3D artwork and rendering. Among other things, she has donated the low resolution diagrams for the help pages, as well as our logo.
She can be found on Twitter at @NecroWoof</description>
    </item>
    
    <item>
      <title>Robots Everywhere, LLC</title>
      <link>https://www.f3.to/cellsol/about-cellsol/cellsolteam/robotseverywhere/</link>
      <pubDate>Mon, 01 Jan 0001 00:00:00 +0000</pubDate>
      
      <guid>https://www.f3.to/cellsol/about-cellsol/cellsolteam/robotseverywhere/</guid>
      <description>Robots Everywhere was founded by Kay Borri and Riley August as a robotics consulting firm in 2008. Since then, they have developed many navigation, instrumentation, robotics, and manufacturing solutions for the public and private sectors, as well as the maker community. The company has always believed in doing the best for humanity, and with the many crises plaguing the year 2020, Robots Everywhere has chosen this time to help develop launch CellSol to allow people to come together in the future.</description>
    </item>
    
  </channel>
</rss>